YearMonth,Station,DelayCategory,Minutes_NORM_to_DepDelayMin,Flights_Affected,Share_of_DepDelayMin,DepDelayTotal_PosOnly_Min,DelayBasis
2025-01,NXA,Late Arrival,668.2,26,0.4988157620341555,1339.5,PosOnly
2025-01,NXA,Ground Ops,303.2,12,0.22635517205096042,1339.5,PosOnly
2025-01,NXA,Engineering,69.9,2,0.05217049733588772,1339.5,PosOnly
2025-01,NXA,OCC,73.7,2,0.055033168060275646,1339.5,PosOnly
2025-01,NXA,ATC,110.9,4,0.08282532043662949,1339.5,PosOnly
2025-01,NXA,Weather,92.8,3,0.06926867054910268,1339.5,PosOnly
2025-01,NXA,Other,20.8,1,0.015531409532988594,1339.5,PosOnly
2025-02,NXA,Late Arrival,1741.2,69,0.5148735492194021,3381.8,PosOnly
2025-02,NXA,Ground Ops,646.8,25,0.191270402332716,3381.8,PosOnly
2025-02,NXA,Engineering,184.6,7,0.0545897542003504,3381.8,PosOnly
2025-02,NXA,OCC,207.3,8,0.06129107192970941,3381.8,PosOnly
2025-02,NXA,ATC,335.9,13,0.09931595360241993,3381.8,PosOnly
2025-02,NXA,Weather,218.7,8,0.06468284839812491,3381.8,PosOnly
2025-02,NXA,Other,47.3,1,0.01397642031727725,3381.8,PosOnly
2025-03,NXA,Late Arrival,1246.1,49,0.5030661418059762,2477.1,PosOnly
2025-03,NXA,Ground Ops,552.0,22,0.22283127895161742,2477.1,PosOnly
2025-03,NXA,Engineering,130.1,5,0.05250997006633734,2477.1,PosOnly
2025-03,NXA,OCC,132.3,5,0.05339683292711966,2477.1,PosOnly
2025-03,NXA,ATC,224.5,8,0.09063577904389605,2477.1,PosOnly
2025-03,NXA,Weather,171.2,6,0.0691209407318471,2477.1,PosOnly
2025-03,NXA,Other,20.9,1,0.008439056473206252,2477.1,PosOnly
2025-04,NXA,Late Arrival,405.6,16,0.46080026444472827,880.3,PosOnly
2025-04,NXA,Ground Ops,205.5,8,0.23345251077204415,880.3,PosOnly
2025-04,NXA,Engineering,54.7,2,0.062192855183519746,880.3,PosOnly
2025-04,NXA,OCC,64.6,2,0.0734013553101573,880.3,PosOnly
2025-04,NXA,ATC,88.5,3,0.10049146859727362,880.3,PosOnly
2025-04,NXA,Weather,54.9,2,0.0623428646772345,880.3,PosOnly
2025-04,NXA,Other,6.4,1,0.007318681015042237,880.3,PosOnly
2025-05,NXA,Late Arrival,630.3,25,0.4832993448358154,1304.2,PosOnly
2025-05,NXA,Ground Ops,292.6,11,0.22433526483580807,1304.2,PosOnly
2025-05,NXA,Engineering,79.2,3,0.060744844686180674,1304.2,PosOnly
2025-05,NXA,OCC,56.4,2,0.04324687793256444,1304.2,PosOnly
2025-05,NXA,ATC,113.2,4,0.08680728047152653,1304.2,PosOnly
2025-05,NXA,Weather,78.4,3,0.06009441984047531,1304.2,PosOnly
2025-05,NXA,Other,54.1,2,0.04147196739762954,1304.2,PosOnly
2025-06,NXA,Late Arrival,2086.4,83,0.47712348653211223,4372.9,PosOnly
2025-06,NXA,Ground Ops,839.4,33,0.1919542639038725,4372.9,PosOnly
2025-06,NXA,Engineering,203.6,8,0.0465552062973993,4372.9,PosOnly
2025-06,NXA,OCC,310.9,12,0.07109876533234642,4372.9,PosOnly
2025-06,NXA,ATC,387.7,15,0.08864984311790733,4372.9,PosOnly
2025-06,NXA,Weather,264.5,10,0.060474865119249266,4372.9,PosOnly
2025-06,NXA,Other,280.5,11,0.06414356969711293,4372.9,PosOnly
2025-07,NXA,Late Arrival,2299.3,91,0.48212410428768393,4769.1,PosOnly
2025-07,NXA,Ground Ops,980.2,39,0.20552192321747417,4769.1,PosOnly
2025-07,NXA,Engineering,255.1,10,0.05349004642094019,4769.1,PosOnly
2025-07,NXA,OCC,234.6,9,0.04919064558310393,4769.1,PosOnly
2025-07,NXA,ATC,462.9,18,0.09706223587858684,4769.1,PosOnly
2025-07,NXA,Weather,210.8,8,0.04419390994382973,4769.1,PosOnly
2025-07,NXA,Other,326.3,13,0.06841713466838135,4769.1,PosOnly
2025-08,NXA,Late Arrival,2441.1,97,0.4887505580460597,4994.5,PosOnly
2025-08,NXA,Ground Ops,970.4,38,0.19429875233786642,4994.5,PosOnly
2025-08,NXA,Engineering,242.3,9,0.04851772677313017,4994.5,PosOnly
2025-08,NXA,OCC,294.9,11,0.05904352279447517,4994.5,PosOnly
2025-08,NXA,ATC,483.3,19,0.0967762148223624,4994.5,PosOnly
2025-08,NXA,Weather,245.3,9,0.04911850294187837,4994.5,PosOnly
2025-08,NXA,Other,317.1,12,0.06349472228422776,4994.5,PosOnly
2025-09,NXA,Late Arrival,396.4,15,0.45408119191823465,872.9,PosOnly
2025-09,NXA,Ground Ops,211.0,8,0.24170567324694403,872.9,PosOnly
2025-09,NXA,Engineering,60.9,2,0.06974113004794438,872.9,PosOnly
2025-09,NXA,OCC,49.9,1,0.0571737366557045,872.9,PosOnly
2025-09,NXA,ATC,77.2,3,0.0884415167606599,872.9,PosOnly
2025-09,NXA,Weather,42.6,1,0.048807812733000513,872.9,PosOnly
2025-09,NXA,Other,35.0,1,0.04004893863751208,872.9,PosOnly
2025-10,NXA,Late Arrival,838.0,33,0.5069814269266225,1653.0,PosOnly
2025-10,NXA,Ground Ops,339.6,13,0.20544370817412302,1653.0,PosOnly
2025-10,NXA,Engineering,87.4,3,0.052899648645181645,1653.0,PosOnly
2025-10,NXA,OCC,78.1,3,0.04726914834362563,1653.0,PosOnly
2025-10,NXA,ATC,140.5,5,0.08500918759723113,1653.0,PosOnly
2025-10,NXA,Weather,67.2,2,0.04068136219401582,1653.0,PosOnly
2025-10,NXA,Other,102.0,4,0.061715518119200403,1653.0,PosOnly
2025-11,NXA,Late Arrival,1363.1,54,0.4987424262554415,2733.1,PosOnly
2025-11,NXA,Ground Ops,571.7,22,0.209192351005168,2733.1,PosOnly
2025-11,NXA,Engineering,144.9,5,0.05303435213835045,2733.1,PosOnly
2025-11,NXA,OCC,145.6,5,0.05328375673080769,2733.1,PosOnly
2025-11,NXA,ATC,255.2,10,0.09338468826722092,2733.1,PosOnly
2025-11,NXA,Weather,140.6,5,0.05143063678289447,2733.1,PosOnly
2025-11,NXA,Other,111.9,4,0.04093178882011694,2733.1,PosOnly
2025-12,NXA,Late Arrival,1368.1,54,0.5136006483495327,2663.8,PosOnly
2025-12,NXA,Ground Ops,598.5,23,0.22466974497229544,2663.8,PosOnly
2025-12,NXA,Engineering,164.1,6,0.0615948854529994,2663.8,PosOnly
2025-12,NXA,OCC,120.3,4,0.0451677354414848,2663.8,PosOnly
2025-12,NXA,ATC,269.0,10,0.1009912140143225,2663.8,PosOnly
2025-12,NXA,Weather,127.8,5,0.0479760988437856,2663.8,PosOnly
2025-12,NXA,Other,16.0,1,0.005999672925579681,2663.8,PosOnly
2025-01,NXB,Late Arrival,1947.0,77,0.5131821677580689,3794.0,PosOnly
2025-01,NXB,Ground Ops,781.0,31,0.2058458253960283,3794.0,PosOnly
2025-01,NXB,Engineering,188.5,7,0.04969627542806963,3794.0,PosOnly
2025-01,NXB,OCC,217.5,8,0.057330608832457136,3794.0,PosOnly
2025-01,NXB,ATC,355.4,14,0.09367328869500834,3794.0,PosOnly
2025-01,NXB,Weather,174.8,6,0.046070900943856914,3794.0,PosOnly
2025-01,NXB,Other,129.8,5,0.034200932946510776,3794.0,PosOnly
2025-02,NXB,Late Arrival,817.5,32,0.5003624069165656,1633.9,PosOnly
2025-02,NXB,Ground Ops,353.2,14,0.21614118229242052,1633.9,PosOnly
2025-02,NXB,Engineering,81.9,3,0.05012712940855213,1633.9,PosOnly
2025-02,NXB,OCC,96.0,3,0.05876352022411857,1633.9,PosOnly
2025-02,NXB,ATC,151.9,6,0.09296279119325311,1633.9,PosOnly
2025-02,NXB,Weather,96.1,3,0.0588192652210733,1633.9,PosOnly
2025-02,NXB,Other,37.3,1,0.022823704744016737,1633.9,PosOnly
2025-03,NXB,Late Arrival,2415.4,96,0.47309028486329496,5105.5,PosOnly
2025-03,NXB,Ground Ops,1120.0,44,0.21937439097584654,5105.5,PosOnly
2025-03,NXB,Engineering,356.2,14,0.06977213047971643,5105.5,PosOnly
2025-03,NXB,OCC,338.8,13,0.06636937806075627,5105.5,PosOnly
2025-03,NXB,ATC,430.6,17,0.08433572566598141,5105.5,PosOnly
2025-03,NXB,Weather,220.1,8,0.04310208903167655,5105.5,PosOnly
2025-03,NXB,Other,224.4,8,0.04395600092272789,5105.5,PosOnly
2025-04,NXB,Late Arrival,901.7,36,0.49136408440369916,1835.1,PosOnly
2025-04,NXB,Ground Ops,405.9,16,0.22121107259053877,1835.1,PosOnly
2025-04,NXB,Engineering,92.3,3,0.05026983856380971,1835.1,PosOnly
2025-04,NXB,OCC,100.3,4,0.05465753473662803,1835.1,PosOnly
2025-04,NXB,ATC,148.1,5,0.08068411613089092,1835.1,PosOnly
2025-04,NXB,Weather,126.2,5,0.06875677639724337,1835.1,PosOnly
2025-04,NXB,Other,60.7,2,0.03305657717719013,1835.1,PosOnly
2025-05,NXB,Late Arrival,994.9,39,0.4900209636663253,2030.3,PosOnly
2025-05,NXB,Ground Ops,424.7,16,0.20919031478888298,2030.3,PosOnly
2025-05,NXB,Engineering,112.0,4,0.05516202367716249,2030.3,PosOnly
2025-05,NXB,OCC,114.6,4,0.056458617639636714,2030.3,PosOnly
2025-05,NXB,ATC,191.3,7,0.09420468203170862,2030.3,PosOnly
2025-05,NXB,Weather,97.5,3,0.048009269892756806,2030.3,PosOnly
2025-05,NXB,Other,95.3,3,0.04695412830352713,2030.3,PosOnly
2025-06,NXB,Late Arrival,2413.9,96,0.4598174362299028,5249.7,PosOnly
2025-06,NXB,Ground Ops,1200.5,48,0.22867918817319322,5249.7,PosOnly
2025-06,NXB,Engineering,349.7,13,0.06661380758005238,5249.7,PosOnly
2025-06,NXB,OCC,361.0,14,0.06877431338204264,5249.7,PosOnly
2025-06,NXB,ATC,507.2,20,0.09662108430617149,5249.7,PosOnly
2025-06,NXB,Weather,227.1,9,0.04325727223406331,5249.7,PosOnly
2025-06,NXB,Other,190.2,7,0.036236898094574255,5249.7,PosOnly
2025-07,NXB,Late Arrival,1725.0,69,0.4661149793626417,3700.8,PosOnly
2025-07,NXB,Ground Ops,843.7,33,0.22797657286191444,3700.8,PosOnly
2025-07,NXB,Engineering,235.2,9,0.06355921279059558,3700.8,PosOnly
2025-07,NXB,OCC,156.4,6,0.04226156600264552,3700.8,PosOnly
2025-07,NXB,ATC,300.2,12,0.0811223766852854,3700.8,PosOnly
2025-07,NXB,Weather,209.6,8,0.056645574081744504,3700.8,PosOnly
2025-07,NXB,Other,230.6,9,0.06231971821517279,3700.8,PosOnly
2025-08,NXB,Late Arrival,2623.8,104,0.48605399904622004,5398.1,PosOnly
2025-08,NXB,Ground Ops,1007.5,40,0.18663951014527885,5398.1,PosOnly
2025-08,NXB,Engineering,286.3,11,0.05303013335910204,5398.1,PosOnly
2025-08,NXB,OCC,372.9,14,0.06908514527038019,5398.1,PosOnly
2025-08,NXB,ATC,473.3,18,0.08767895271702808,5398.1,PosOnly
2025-08,NXB,Weather,367.5,14,0.06808130710146891,5398.1,PosOnly
2025-08,NXB,Other,266.8,10,0.04943095236052192,5398.1,PosOnly
2025-09,NXB,Late Arrival,1453.3,58,0.5123554743614969,2836.5,PosOnly
2025-09,NXB,Ground Ops,588.6,23,0.2074982398383843,2836.5,PosOnly
2025-09,NXB,Engineering,159.1,6,0.056097672191873275,2836.5,PosOnly
2025-09,NXB,OCC,121.4,4,0.04280966816992888,2836.5,PosOnly
2025-09,NXB,ATC,302.9,12,0.10680339919093593,2836.5,PosOnly
2025-09,NXB,Weather,157.6,6,0.05556575081159349,2836.5,PosOnly
2025-09,NXB,Other,53.5,2,0.018869795435787488,2836.5,PosOnly
2025-10,NXB,Late Arrival,2027.9,81,0.5022752727944318,4037.4,PosOnly
2025-10,NXB,Ground Ops,763.5,30,0.18910433565622384,4037.4,PosOnly
2025-10,NXB,Engineering,238.9,9,0.059162882534617864,4037.4,PosOnly
2025-10,NXB,OCC,244.6,9,0.060587611191158616,4037.4,PosOnly
2025-10,NXB,ATC,354.8,14,0.08787381547768594,4037.4,PosOnly
2025-10,NXB,Weather,275.0,11,0.06810439451601338,4037.4,PosOnly
2025-10,NXB,Other,132.8,5,0.032891687829868566,4037.4,PosOnly
2025-11,NXB,Late Arrival,2721.1,108,0.5112193428586225,5322.8,PosOnly
2025-11,NXB,Ground Ops,1253.4,50,0.2354836860693963,5322.8,PosOnly
2025-11,NXB,Engineering,314.7,12,0.05912133981278993,5322.8,PosOnly
2025-11,NXB,OCC,229.7,9,0.04315967403797933,5322.8,PosOnly
2025-11,NXB,ATC,457.2,18,0.0858930399714372,5322.8,PosOnly
2025-11,NXB,Weather,262.5,10,0.04930971018700284,5322.8,PosOnly
2025-11,NXB,Other,84.2,3,0.015813207062772006,5322.8,PosOnly
2025-12,NXB,Late Arrival,972.6,38,0.4592275552450565,2117.9,PosOnly
2025-12,NXB,Ground Ops,491.2,19,0.23193936711737828,2117.9,PosOnly
2025-12,NXB,Engineering,131.4,5,0.06203834461984763,2117.9,PosOnly
2025-12,NXB,OCC,111.2,4,0.05249715289079028,2117.9,PosOnly
2025-12,NXB,ATC,212.5,8,0.10032976020838573,2117.9,PosOnly
2025-12,NXB,Weather,92.5,3,0.04365497513885593,2117.9,PosOnly
2025-12,NXB,Other,106.6,4,0.05031284477968562,2117.9,PosOnly
2025-01,NXC,Late Arrival,2205.6,88,0.45917404260901196,4803.4,PosOnly
2025-01,NXC,Ground Ops,1009.4,40,0.21014323042870348,4803.4,PosOnly
2025-01,NXC,Engineering,279.4,11,0.05817396369759973,4803.4,PosOnly
2025-01,NXC,OCC,313.1,12,0.06519326708855755,4803.4,PosOnly
2025-01,NXC,ATC,402.1,16,0.08371261410951034,4803.4,PosOnly
2025-01,NXC,Weather,325.8,13,0.06782687653019523,4803.4,PosOnly
2025-01,NXC,Other,267.9,10,0.05577600553642165,4803.4,PosOnly
2025-02,NXC,Late Arrival,1732.6,69,0.5147365900518419,3366.0,PosOnly
2025-02,NXC,Ground Ops,672.4,26,0.19976862419477648,3366.0,PosOnly
2025-02,NXC,Engineering,172.9,6,0.05137175416872146,3366.0,PosOnly
2025-02,NXC,OCC,255.9,10,0.07603286249715242,3366.0,PosOnly
2025-02,NXC,ATC,271.8,10,0.0807457847415877,3366.0,PosOnly
2025-02,NXC,Weather,190.7,7,0.05665594126980475,3366.0,PosOnly
2025-02,NXC,Other,69.6,2,0.02068844307611528,3366.0,PosOnly
2025-03,NXC,Late Arrival,3513.0,140,0.506305264092908,6938.6,PosOnly
2025-03,NXC,Ground Ops,1274.0,50,0.18361353986219747,6938.6,PosOnly
2025-03,NXC,Engineering,399.3,15,0.05754774678747632,6938.6,PosOnly
2025-03,NXC,OCC,412.1,16,0.059393979291683996,6938.6,PosOnly
2025-03,NXC,ATC,652.4,26,0.09402144804665874,6938.6,PosOnly
2025-03,NXC,Weather,440.9,17,0.06354290347756562,6938.6,PosOnly
2025-03,NXC,Other,246.8,9,0.03557511844150979,6938.6,PosOnly
2025-04,NXC,Late Arrival,2113.7,84,0.49242110744900086,4292.5,PosOnly
2025-04,NXC,Ground Ops,864.2,34,0.20133805251064368,4292.5,PosOnly
2025-04,NXC,Engineering,232.2,9,0.054105782222821315,4292.5,PosOnly
2025-04,NXC,OCC,259.4,10,0.06042098990850245,4292.5,PosOnly
2025-04,NXC,ATC,455.1,18,0.10603216861328035,4292.5,PosOnly
2025-04,NXC,Weather,249.4,9,0.05809321472016178,4292.5,PosOnly
2025-04,NXC,Other,118.4,4,0.02758868457558961,4292.5,PosOnly
2025-05,NXC,Late Arrival,1054.5,42,0.4665663654098307,2260.1,PosOnly
2025-05,NXC,Ground Ops,420.2,16,0.18592820680021035,2260.1,PosOnly
2025-05,NXC,Engineering,124.5,4,0.05508119358294434,2260.1,PosOnly
2025-05,NXC,OCC,148.0,5,0.06547111218460473,2260.1,PosOnly
2025-05,NXC,ATC,231.4,9,0.1023804284073034,2260.1,PosOnly
2025-05,NXC,Weather,145.8,5,0.06449706290271731,2260.1,PosOnly
2025-05,NXC,Other,135.8,5,0.060075630712389194,2260.1,PosOnly
2025-06,NXC,Late Arrival,4307.7,172,0.5144679330741215,8373.2,PosOnly
2025-06,NXC,Ground Ops,1573.2,62,0.18788228429399942,8373.2,PosOnly
2025-06,NXC,Engineering,388.6,15,0.04640839774003075,8373.2,PosOnly
2025-06,NXC,OCC,610.7,24,0.07293291303038743,8373.2,PosOnly
2025-06,NXC,ATC,711.4,28,0.08496595168205835,8373.2,PosOnly
2025-06,NXC,Weather,406.4,16,0.04854160247013807,8373.2,PosOnly
2025-06,NXC,Other,375.1,15,0.044800917709264476,8373.2,PosOnly
2025-07,NXC,Late Arrival,4455.4,178,0.477554131978242,9329.7,PosOnly
2025-07,NXC,Ground Ops,2324.6,92,0.24915812806514712,9329.7,PosOnly
2025-07,NXC,Engineering,516.3,20,0.05534170050793447,9329.7,PosOnly
2025-07,NXC,OCC,552.1,22,0.05917458557726421,9329.7,PosOnly
2025-07,NXC,ATC,835.4,33,0.08953973290856149,9329.7,PosOnly
2025-07,NXC,Weather,514.4,20,0.055135787110666905,9329.7,PosOnly
2025-07,NXC,Other,131.5,5,0.014095933852183828,9329.7,PosOnly
2025-08,NXC,Late Arrival,1361.6,54,0.4791383697992235,2841.7,PosOnly
2025-08,NXC,Ground Ops,595.7,23,0.20963114898118862,2841.7,PosOnly
2025-08,NXC,Engineering,187.1,7,0.06585181356769049,2841.7,PosOnly
2025-08,NXC,OCC,193.5,7,0.06808049402017625,2841.7,PosOnly
2025-08,NXC,ATC,231.5,9,0.08147762359782783,2841.7,PosOnly
2025-08,NXC,Weather,145.5,5,0.05120842415378715,2841.7,PosOnly
2025-08,NXC,Other,126.8,5,0.04461212588010627,2841.7,PosOnly
2025-09,NXC,Late Arrival,1136.6,45,0.5131857200749332,2214.7,PosOnly
2025-09,NXC,Ground Ops,450.9,18,0.20360633245370505,2214.7,PosOnly
2025-09,NXC,Engineering,128.3,5,0.057917164119337235,2214.7,PosOnly
2025-09,NXC,OCC,99.7,3,0.044997911150320605,2214.7,PosOnly
2025-09,NXC,ATC,242.3,9,0.10938712041759778,2214.7,PosOnly
2025-09,NXC,Weather,141.9,5,0.06406077640820781,2214.7,PosOnly
2025-09,NXC,Other,15.2,1,0.006844975375898232,2214.7,PosOnly
2025-10,NXC,Late Arrival,1319.3,52,0.510030050088579,2586.7,PosOnly
2025-10,NXC,Ground Ops,527.3,21,0.20383804823488846,2586.7,PosOnly
2025-10,NXC,Engineering,132.1,5,0.05106582711583275,2586.7,PosOnly
2025-10,NXC,OCC,182.1,7,0.07038016112582514,2586.7,PosOnly
2025-10,NXC,ATC,242.8,9,0.09388398096780548,2586.7,PosOnly
2025-10,NXC,Weather,133.4,5,0.05155268488301061,2586.7,PosOnly
2025-10,NXC,Other,49.8,1,0.01924924758405855,2586.7,PosOnly
2025-11,NXC,Late Arrival,2380.3,95,0.4756474714878373,5004.3,PosOnly
2025-11,NXC,Ground Ops,1114.2,44,0.22264908229868857,5004.3,PosOnly
2025-11,NXC,Engineering,349.4,13,0.069813152367018,5004.3,PosOnly
2025-11,NXC,OCC,305.9,12,0.0611243144714946,5004.3,PosOnly
2025-11,NXC,ATC,449.5,17,0.08982486693237636,5004.3,PosOnly
2025-11,NXC,Weather,257.1,10,0.051383922391807876,5004.3,PosOnly
2025-11,NXC,Other,147.9,5,0.029557190050777227,5004.3,PosOnly
2025-12,NXC,Late Arrival,2852.6,114,0.5093992342141539,5599.9,PosOnly
2025-12,NXC,Ground Ops,1157.6,46,0.20672285830849443,5599.9,PosOnly
2025-12,NXC,Engineering,286.9,11,0.051239662929597946,5599.9,PosOnly
2025-12,NXC,OCC,300.7,12,0.053699510258173794,5599.9,PosOnly
2025-12,NXC,ATC,557.6,22,0.0995776202168031,5599.9,PosOnly
2025-12,NXC,Weather,359.1,14,0.06413175483841234,5599.9,PosOnly
2025-12,NXC,Other,85.3,3,0.015229359234364696,5599.9,PosOnly
2025-01,NXD,Late Arrival,1016.1,40,0.5102503347828127,1991.3,PosOnly
2025-01,NXD,Ground Ops,407.2,16,0.20448045143412436,1991.3,PosOnly
2025-01,NXD,Engineering,93.4,3,0.04688858410689521,1991.3,PosOnly
2025-01,NXD,OCC,104.9,4,0.052658762742027646,1991.3,PosOnly
2025-01,NXD,ATC,167.2,6,0.08396308511904634,1991.3,PosOnly
2025-01,NXD,Weather,116.4,4,0.0584313922162576,1991.3,PosOnly
2025-01,NXD,Other,86.3,3,0.043327389598836315,1991.3,PosOnly
2025-02,NXD,Late Arrival,783.4,31,0.5171216172136357,1515.0,PosOnly
2025-02,NXD,Ground Ops,321.8,12,0.2123842934430605,1515.0,PosOnly
2025-02,NXD,Engineering,93.4,3,0.061667402943338265,1515.0,PosOnly
2025-02,NXD,OCC,58.3,2,0.03850268786716393,1515.0,PosOnly
2025-02,NXD,ATC,157.6,6,0.1040265252825529,1515.0,PosOnly
2025-02,NXD,Weather,87.6,3,0.05781046013399063,1515.0,PosOnly
2025-02,NXD,Other,12.9,1,0.008487013116258046,1515.0,PosOnly
2025-03,NXD,Late Arrival,399.3,15,0.4931315990016885,809.7,PosOnly
2025-03,NXD,Ground Ops,175.0,7,0.21610651187843893,809.7,PosOnly
2025-03,NXD,Engineering,47.7,1,0.05886679659999703,809.7,PosOnly
2025-03,NXD,OCC,48.0,1,0.05924724224274871,809.7,PosOnly
2025-03,NXD,ATC,68.9,2,0.08513873912278366,809.7,PosOnly
2025-03,NXD,Weather,46.1,1,0.05694851834417326,809.7,PosOnly
2025-03,NXD,Other,24.7,1,0.03056059281016993,809.7,PosOnly
2025-04,NXD,Late Arrival,638.5,25,0.48445072509028003,1318.0,PosOnly
2025-04,NXD,Ground Ops,246.2,9,0.18678149847497655,1318.0,PosOnly
2025-04,NXD,Engineering,62.1,2,0.047140522461836,1318.0,PosOnly
2025-04,NXD,OCC,94.1,3,0.07142101676520206,1318.0,PosOnly
2025-04,NXD,ATC,129.1,5,0.09798780324567836,1318.0,PosOnly
2025-04,NXD,Weather,89.5,3,0.06793708707070306,1318.0,PosOnly
2025-04,NXD,Other,58.4,2,0.04428134689132385,1318.0,PosOnly
2025-05,NXD,Late Arrival,1444.2,57,0.4969861989316015,2906.0,PosOnly
2025-05,NXD,Ground Ops,603.7,24,0.20774579769612256,2906.0,PosOnly
2025-05,NXD,Engineering,161.9,6,0.055728638857846624,2906.0,PosOnly
2025-05,NXD,OCC,197.1,7,0.06783030802332206,2906.0,PosOnly
2025-05,NXD,ATC,261.6,10,0.09000913274984715,2906.0,PosOnly
2025-05,NXD,Weather,194.6,7,0.06695099642084608,2906.0,PosOnly
2025-05,NXD,Other,42.9,1,0.01474892732041394,2906.0,PosOnly
2025-06,NXD,Late Arrival,2162.7,86,0.5155289224363021,4195.1,PosOnly
2025-06,NXD,Ground Ops,894.6,35,0.21324627881904298,4195.1,PosOnly
2025-06,NXD,Engineering,268.7,10,0.06404456686783822,4195.1,PosOnly
2025-06,NXD,OCC,201.9,8,0.048127290263508614,4195.1,PosOnly
2025-06,NXD,ATC,390.7,15,0.0931371211159626,4195.1,PosOnly
2025-06,NXD,Weather,216.0,8,0.0514995946833223,4195.1,PosOnly
2025-06,NXD,Other,60.5,2,0.014416225814023131,4195.1,PosOnly
2025-07,NXD,Late Arrival,1598.1,63,0.5002432165202552,3194.7,PosOnly
2025-07,NXD,Ground Ops,713.0,28,0.2231977386316209,3194.7,PosOnly
2025-07,NXD,Engineering,167.7,6,0.052493453513463614,3194.7,PosOnly
2025-07,NXD,OCC,193.6,7,0.060598176532849886,3194.7,PosOnly
2025-07,NXD,ATC,346.7,13,0.10853583980011525,3194.7,PosOnly
2025-07,NXD,Weather,139.1,5,0.04355435731651125,3194.7,PosOnly
2025-07,NXD,Other,36.3,1,0.011377217685184073,3194.7,PosOnly
2025-08,NXD,Late Arrival,1915.1,76,0.4818022573289223,3974.8,PosOnly
2025-08,NXD,Ground Ops,838.2,33,0.21086853484959175,3974.8,PosOnly
2025-08,NXD,Engineering,214.8,8,0.0540390128050236,3974.8,PosOnly
2025-08,NXD,OCC,248.1,9,0.06241044816246364,3974.8,PosOnly
2025-08,NXD,ATC,416.4,16,0.10476198533588964,3974.8,PosOnly
2025-08,NXD,Weather,194.2,7,0.0488607707603227,3974.8,PosOnly
2025-08,NXD,Other,148.1,5,0.037256990757786435,3974.8,PosOnly
2025-09,NXD,Late Arrival,664.7,26,0.5197924260486302,1278.7,PosOnly
2025-09,NXD,Ground Ops,247.5,9,0.19357410064160369,1278.7,PosOnly
2025-09,NXD,Engineering,81.1,3,0.06338600693358312,1278.7,PosOnly
2025-09,NXD,OCC,76.8,3,0.06004087742310513,1278.7,PosOnly
2025-09,NXD,ATC,136.0,5,0.10637600072923235,1278.7,PosOnly
2025-09,NXD,Weather,62.0,2,0.04851725313592117,1278.7,PosOnly
2025-09,NXD,Other,10.6,1,0.008313335087924367,1278.7,PosOnly
2025-10,NXD,Late Arrival,1500.6,60,0.4563308508888893,3288.4,PosOnly
2025-10,NXD,Ground Ops,650.2,26,0.1977367602750412,3288.4,PosOnly
2025-10,NXD,Engineering,199.9,7,0.06078489317465279,3288.4,PosOnly
2025-10,NXD,OCC,208.4,8,0.06336676611527367,3288.4,PosOnly
2025-10,NXD,ATC,351.6,14,0.10691100196689876,3288.4,PosOnly
2025-10,NXD,Weather,134.4,5,0.040869985096134084,3288.4,PosOnly
2025-10,NXD,Other,243.3,9,0.0739997424831102,3288.4,PosOnly
2025-11,NXD,Late Arrival,1056.2,42,0.45253138973462875,2334.0,PosOnly
2025-11,NXD,Ground Ops,591.7,23,0.25349872321993583,2334.0,PosOnly
2025-11,NXD,Engineering,140.9,5,0.06035221646837202,2334.0,PosOnly
2025-11,NXD,OCC,137.4,5,0.058860081629419476,2334.0,PosOnly
2025-11,NXD,ATC,187.1,7,0.08016289502386102,2334.0,PosOnly
2025-11,NXD,Weather,97.0,3,0.04154973751043197,2334.0,PosOnly
2025-11,NXD,Other,123.8,4,0.053044956413350886,2334.0,PosOnly
2025-12,NXD,Late Arrival,750.5,30,0.5149456801120598,1457.4,PosOnly
2025-12,NXD,Ground Ops,275.9,11,0.18927638151438653,1457.4,PosOnly
2025-12,NXD,Engineering,73.1,2,0.05016610530599139,1457.4,PosOnly
2025-12,NXD,OCC,107.7,4,0.07392115612111567,1457.4,PosOnly
2025-12,NXD,ATC,150.4,6,0.10316325197313143,1457.4,PosOnly
2025-12,NXD,Weather,88.8,3,0.06094362351935913,1457.4,PosOnly
2025-12,NXD,Other,11.1,1,0.007583801453956208,1457.4,PosOnly
2025-01,NXE,Late Arrival,638.8,25,0.494100829120348,1292.9,PosOnly
2025-01,NXE,Ground Ops,270.0,10,0.20886143244503205,1292.9,PosOnly
2025-01,NXE,Engineering,71.3,2,0.05515346207429608,1292.9,PosOnly
2025-01,NXE,OCC,94.7,3,0.07323689485263057,1292.9,PosOnly
2025-01,NXE,ATC,136.4,5,0.10553393299285806,1292.9,PosOnly
2025-01,NXE,Weather,57.7,2,0.04465638977323273,1292.9,PosOnly
2025-01,NXE,Other,23.9,1,0.018457058741602642,1292.9,PosOnly
2025-02,NXE,Late Arrival,566.0,22,0.49280805241839487,1148.6,PosOnly
2025-02,NXE,Ground Ops,239.3,9,0.20833393789569637,1148.6,PosOnly
2025-02,NXE,Engineering,64.5,2,0.056131224154023204,1148.6,PosOnly
2025-02,NXE,OCC,43.8,1,0.038163437969167276,1148.6,PosOnly
2025-02,NXE,ATC,93.8,3,0.08163500944973887,1148.6,PosOnly
2025-02,NXE,Weather,67.2,2,0.058489269097825994,1148.6,PosOnly
2025-02,NXE,Other,74.0,2,0.06443906901515334,1148.6,PosOnly
2025-03,NXE,Late Arrival,1533.9,61,0.5186019025687935,2957.7,PosOnly
2025-03,NXE,Ground Ops,606.8,24,0.2051693094812193,2957.7,PosOnly
2025-03,NXE,Engineering,145.2,5,0.04909035599673011,2957.7,PosOnly
2025-03,NXE,OCC,171.3,6,0.057907729967223605,2957.7,PosOnly
2025-03,NXE,ATC,277.3,11,0.09375681927375469,2957.7,PosOnly
2025-03,NXE,Weather,187.9,7,0.06352242845024225,2957.7,PosOnly
2025-03,NXE,Other,35.3,1,0.011951454262036587,2957.7,PosOnly
2025-04,NXE,Late Arrival,361.9,14,0.49046120510652796,737.8,PosOnly
2025-04,NXE,Ground Ops,154.9,6,0.20993882150117504,737.8,PosOnly
2025-04,NXE,Engineering,44.2,1,0.05989645831466141,737.8,PosOnly
2025-04,NXE,OCC,52.8,2,0.07161532552538152,737.8,PosOnly
2025-04,NXE,ATC,74.5,2,0.10099327833767198,737.8,PosOnly
2025-04,NXE,Weather,43.9,1,0.05947699465735927,737.8,PosOnly
2025-04,NXE,Other,5.6,1,0.007617916557222881,737.8,PosOnly
2025-05,NXE,Late Arrival,1246.3,49,0.4593866226910936,2712.9,PosOnly
2025-05,NXE,Ground Ops,613.4,24,0.22608924954606505,2712.9,PosOnly
2025-05,NXE,Engineering,168.6,6,0.06215036435091466,2712.9,PosOnly
2025-05,NXE,OCC,145.8,5,0.05375051683229305,2712.9,PosOnly
2025-05,NXE,ATC,239.7,9,0.08834226637343773,2712.9,PosOnly
2025-05,NXE,Weather,133.3,5,0.049141138112824945,2712.9,PosOnly
2025-05,NXE,Other,165.9,6,0.06113984209337098,2712.9,PosOnly
2025-06,NXE,Late Arrival,1460.5,58,0.4911814373886306,2973.5,PosOnly
2025-06,NXE,Ground Ops,636.5,25,0.21405914908317356,2973.5,PosOnly
2025-06,NXE,Engineering,158.6,6,0.05332510927009463,2973.5,PosOnly
2025-06,NXE,OCC,188.1,7,0.06325331091803535,2973.5,PosOnly
2025-06,NXE,ATC,266.2,10,0.08951122733951715,2973.5,PosOnly
2025-06,NXE,Weather,122.2,4,0.04108179502832092,2973.5,PosOnly
2025-06,NXE,Other,141.5,5,0.047587970972227896,2973.5,PosOnly
2025-07,NXE,Late Arrival,812.8,32,0.49567031395647226,1639.9,PosOnly
2025-07,NXE,Ground Ops,343.2,13,0.2092665241106144,1639.9,PosOnly
2025-07,NXE,Engineering,96.7,3,0.05899188990982854,1639.9,PosOnly
2025-07,NXE,OCC,93.7,3,0.057123201293348844,1639.9,PosOnly
2025-07,NXE,ATC,146.7,5,0.0894864245547213,1639.9,PosOnly
2025-07,NXE,Weather,104.3,4,0.06362296665957863,1639.9,PosOnly
2025-07,NXE,Other,42.4,1,0.02583867951543606,1639.9,PosOnly
2025-08,NXE,Late Arrival,2320.2,92,0.5120482020706596,4531.2,PosOnly
2025-08,NXE,Ground Ops,956.7,38,0.21114640003569762,4531.2,PosOnly
2025-08,NXE,Engineering,233.2,9,0.05145938741345827,4531.2,PosOnly
2025-08,NXE,OCC,217.1,8,0.047909541933392336,4531.2,PosOnly
2025-08,NXE,ATC,487.7,19,0.10763171591885576,4531.2,PosOnly
2025-08,NXE,Weather,249.7,9,0.05510898775549298,4531.2,PosOnly
2025-08,NXE,Other,66.6,2,0.014695764872443395,4531.2,PosOnly
2025-09,NXE,Late Arrival,980.1,39,0.4550441402951061,2153.8,PosOnly
2025-09,NXE,Ground Ops,444.9,17,0.2065591531017828,2153.8,PosOnly
2025-09,NXE,Engineering,111.4,4,0.051736469033997,2153.8,PosOnly
2025-09,NXE,OCC,146.0,5,0.06780938641473482,2153.8,PosOnly
2025-09,NXE,ATC,226.7,9,0.1052597963311839,2153.8,PosOnly
2025-09,NXE,Weather,89.7,3,0.041667037507206336,2153.8,PosOnly
2025-09,NXE,Other,154.9,6,0.07192401731598907,2153.8,PosOnly
2025-10,NXE,Late Arrival,2114.0,84,0.451027799049205,4687.1,PosOnly
2025-10,NXE,Ground Ops,944.2,37,0.20143639076550557,4687.1,PosOnly
2025-10,NXE,Engineering,276.2,11,0.05893613291874217,4687.1,PosOnly
2025-10,NXE,OCC,313.9,12,0.06697401902118533,4687.1,PosOnly
2025-10,NXE,ATC,491.3,19,0.10481520273562059,4687.1,PosOnly
2025-10,NXE,Weather,307.9,12,0.06569644070723675,4687.1,PosOnly
2025-10,NXE,Other,239.6,9,0.05111401480250455,4687.1,PosOnly
2025-11,NXE,Late Arrival,2094.3,83,0.5196825130808547,4029.9,PosOnly
2025-11,NXE,Ground Ops,853.1,34,0.2116871946451717,4029.9,PosOnly
2025-11,NXE,Engineering,215.5,8,0.05347645357056369,4029.9,PosOnly
2025-11,NXE,OCC,203.6,8,0.0505326468437686,4029.9,PosOnly
2025-11,NXE,ATC,415.7,16,0.10316314674063756,4029.9,PosOnly
2025-11,NXE,Weather,198.8,7,0.04932884529762299,4029.9,PosOnly
2025-11,NXE,Other,48.9,1,0.012129199821380776,4029.9,PosOnly
2025-12,NXE,Late Arrival,588.3,23,0.4867561812077083,1208.6,PosOnly
2025-12,NXE,Ground Ops,308.8,12,0.25547227455589233,1208.6,PosOnly
2025-12,NXE,Engineering,78.5,3,0.06499029262147585,1208.6,PosOnly
2025-12,NXE,OCC,54.5,2,0.045065280780023816,1208.6,PosOnly
2025-12,NXE,ATC,102.6,4,0.08491253912774888,1208.6,PosOnly
2025-12,NXE,Weather,54.4,2,0.044977206036296014,1208.6,PosOnly
2025-12,NXE,Other,21.5,1,0.01782622567085479,1208.6,PosOnly
2025-01,NXF,Late Arrival,334.6,13,0.48137719292780456,695.0,PosOnly
2025-01,NXF,Ground Ops,161.0,6,0.2316202664093959,695.0,PosOnly
2025-01,NXF,Engineering,43.4,1,0.06244902298835063,695.0,PosOnly
2025-01,NXF,OCC,45.8,1,0.06593727194942539,695.0,PosOnly
2025-01,NXF,ATC,63.8,2,0.0917771814752576,695.0,PosOnly
2025-01,NXF,Weather,29.5,1,0.042401478509385554,695.0,PosOnly
2025-01,NXF,Other,17.0,1,0.024437585740380352,695.0,PosOnly
2025-02,NXF,Late Arrival,2369.1,94,0.513497253550935,4613.6,PosOnly
2025-02,NXF,Ground Ops,944.8,37,0.20478588126649117,4613.6,PosOnly
2025-02,NXF,Engineering,261.0,10,0.056581739659808304,4613.6,PosOnly
2025-02,NXF,OCC,249.9,9,0.054163424051283264,4613.6,PosOnly
2025-02,NXF,ATC,375.3,15,0.08133947266922836,4613.6,PosOnly
2025-02,NXF,Weather,216.8,8,0.046985568548311187,4613.6,PosOnly
2025-02,NXF,Other,196.8,7,0.04264666025394276,4613.6,PosOnly
2025-03,NXF,Late Arrival,2268.8,90,0.509051186933378,4457.0,PosOnly
2025-03,NXF,Ground Ops,959.5,38,0.2152820271810894,4457.0,PosOnly
2025-03,NXF,Engineering,216.9,8,0.04867405250609203,4457.0,PosOnly
2025-03,NXF,OCC,242.3,9,0.05437175463930263,4457.0,PosOnly
2025-03,NXF,ATC,441.8,17,0.09912766101435379,4457.0,PosOnly
2025-03,NXF,Weather,265.1,10,0.059474471504028244,4457.0,PosOnly
2025-03,NXF,Other,62.5,2,0.014018846221755978,4457.0,PosOnly
2025-04,NXF,Late Arrival,1354.1,54,0.47369195383081286,2858.6,PosOnly
2025-04,NXF,Ground Ops,680.2,27,0.23794851090524569,2858.6,PosOnly
2025-04,NXF,Engineering,174.0,6,0.06085508069382398,2858.6,PosOnly
2025-04,NXF,OCC,138.5,5,0.04846431857862454,2858.6,PosOnly
2025-04,NXF,ATC,301.1,12,0.1053343661986156,2858.6,PosOnly
2025-04,NXF,Weather,155.7,6,0.05447717525761882,2858.6,PosOnly
2025-04,NXF,Other,55.0,2,0.019228594535258492,2858.6,PosOnly
2025-05,NXF,Late Arrival,1090.3,43,0.47384135569140673,2300.9,PosOnly
2025-05,NXF,Ground Ops,452.5,18,0.19667551692638235,2300.9,PosOnly
2025-05,NXF,Engineering,138.5,5,0.06020458618706071,2300.9,PosOnly
2025-05,NXF,OCC,116.2,4,0.05049491134552051,2300.9,PosOnly
2025-05,NXF,ATC,218.5,8,0.09496450875594456,2300.9,PosOnly
2025-05,NXF,Weather,128.7,5,0.05594233123013734,2300.9,PosOnly
2025-05,NXF,Other,156.2,6,0.06787678986354778,2300.9,PosOnly
2025-06,NXF,Late Arrival,1954.0,78,0.463412210676389,4216.5,PosOnly
2025-06,NXF,Ground Ops,896.8,35,0.2126962958203218,4216.5,PosOnly
2025-06,NXF,Engineering,255.8,10,0.06067209777277519,4216.5,PosOnly
2025-06,NXF,OCC,269.2,10,0.06384145681315768,4216.5,PosOnly
2025-06,NXF,ATC,340.5,13,0.08074469395395718,4216.5,PosOnly
2025-06,NXF,Weather,286.0,11,0.06782381375512081,4216.5,PosOnly
2025-06,NXF,Other,214.2,8,0.050809431208278355,4216.5,PosOnly
2025-07,NXF,Late Arrival,2488.0,99,0.5187264163279774,4796.4,PosOnly
2025-07,NXF,Ground Ops,1052.2,42,0.21936709575494154,4796.4,PosOnly
2025-07,NXF,Engineering,283.5,11,0.059116289937028055,4796.4,PosOnly
2025-07,NXF,OCC,188.4,7,0.039286680895538204,4796.4,PosOnly
2025-07,NXF,ATC,473.0,18,0.09861073128974132,4796.4,PosOnly
2025-07,NXF,Weather,260.6,10,0.05432517620883199,4796.4,PosOnly
2025-07,NXF,Other,50.7,2,0.01056760958594144,4796.4,PosOnly
2025-08,NXF,Late Arrival,418.7,16,0.4579872849828546,914.3,PosOnly
2025-08,NXF,Ground Ops,210.1,8,0.22974267707261178,914.3,PosOnly
2025-08,NXF,Engineering,62.7,2,0.06853185420587857,914.3,PosOnly
2025-08,NXF,OCC,43.0,1,0.04699018353145828,914.3,PosOnly
2025-08,NXF,ATC,93.2,3,0.10197240508981363,914.3,PosOnly
2025-08,NXF,Weather,48.6,1,0.05320266098582106,914.3,PosOnly
2025-08,NXF,Other,38.0,1,0.0415729341315621,914.3,PosOnly
2025-09,NXF,Late Arrival,787.5,31,0.5024988476554688,1567.2,PosOnly
2025-09,NXF,Ground Ops,321.2,12,0.2049406916408677,1567.2,PosOnly
2025-09,NXF,Engineering,82.7,3,0.052762673015763956,1567.2,PosOnly
2025-09,NXF,OCC,70.0,2,0.044687539543585654,1567.2,PosOnly
2025-09,NXF,ATC,141.7,5,0.09039478583939146,1567.2,PosOnly
2025-09,NXF,Weather,68.5,2,0.04371609324592663,1567.2,PosOnly
2025-09,NXF,Other,95.6,3,0.060999369058995834,1567.2,PosOnly
2025-10,NXF,Late Arrival,1256.5,50,0.5184541885351688,2423.5,PosOnly
2025-10,NXF,Ground Ops,479.4,19,0.19779748795111152,2423.5,PosOnly
2025-10,NXF,Engineering,139.0,5,0.057359642093761105,2423.5,PosOnly
2025-10,NXF,OCC,112.9,4,0.046572170951921385,2423.5,PosOnly
2025-10,NXF,ATC,223.8,8,0.0923472800658218,2423.5,PosOnly
2025-10,NXF,Weather,154.6,6,0.06381046451679918,2423.5,PosOnly
2025-10,NXF,Other,57.3,2,0.02365876588541621,2423.5,PosOnly
2025-11,NXF,Late Arrival,347.2,13,0.4760891638914714,729.2,PosOnly
2025-11,NXF,Ground Ops,178.0,7,0.24409036592275918,729.2,PosOnly
2025-11,NXF,Engineering,50.0,2,0.06860520148392346,729.2,PosOnly
2025-11,NXF,OCC,37.1,1,0.05089891799068197,729.2,PosOnly
2025-11,NXF,ATC,59.4,2,0.08146095416941554,729.2,PosOnly
2025-11,NXF,Weather,31.6,1,0.04327846873343674,729.2,PosOnly
2025-11,NXF,Other,25.9,1,0.035576927808311676,729.2,PosOnly
2025-12,NXF,Late Arrival,2039.0,81,0.45342745968762954,4496.9,PosOnly
2025-12,NXF,Ground Ops,1032.2,41,0.2295380314459833,4496.9,PosOnly
2025-12,NXF,Engineering,302.1,12,0.06717804010869144,4496.9,PosOnly
2025-12,NXF,OCC,384.8,15,0.08556059872566771,4496.9,PosOnly
2025-12,NXF,ATC,391.4,15,0.08703605451323895,4496.9,PosOnly
2025-12,NXF,Weather,263.8,10,0.05865693320125738,4496.9,PosOnly
2025-12,NXF,Other,83.7,3,0.018602882317531655,4496.9,PosOnly
